hsk_id,hanzi,pinyin,pos,level,meaning_ko,topic,example_zh,example_pinyin,example_ko
L3-0252,功能,gōngnéng,명사,3,기능,사물,这个手机功能很多。,Zhège shǒujī gōngnéng hěn duō.,이 휴대폰은 기능이 아주 많다.
L3-0629,生产,shēngchǎn,동사,3,생산하다,일,这家工厂生产汽车。,Zhè jiā gōngchǎng shēngchǎn qìchē.,이 공장은 자동차를 생산한다.
L3-0664,适应,shìyìng,동사,3,적응하다,생활,我还没适应这里的生活。,Wǒ hái méi shìyìng zhèlǐ de shēnghuó.,나는 아직 이곳 생활에 적응하지 못했다.
L3-0378,进展,jìnzhǎn,동사,3,진전되다,일,工作进展得很顺利。,Gōngzuò jìnzhǎn de hěn shùnlì.,일이 아주 순조롭게 진행되고 있다.
L3-0662,试验,shìyàn,동사,3,시험하다 · 실험하다,학교,我们试验了三次。,Wǒmen shìyàn le sān cì.,우리는 세 번 시험했다.
L3-0859,游,yóu,동사,3,헤엄치다 · 유람하다,동작,他游得很快。,Tā yóu de hěn kuài.,그는 아주 빨리 헤엄친다.
L3-0918,指导,zhǐdǎo,동사,3,지도하다,학교,老师指导我们做实验。,Lǎoshī zhǐdǎo wǒmen zuò shíyàn.,선생님이 우리를 지도해 실험을 했다.
L3-0649,食品,shípǐn,명사,3,식품,음식,这家店卖各种食品。,Zhè jiā diàn mài gèzhǒng shípǐn.,이 가게는 여러 가지 식품을 판다.
L3-0129,大约,dàyuē,부사,3,대략 · 아마,어법,大约有一百人。,Dàyuē yǒu yìbǎi rén.,대략 백 명쯤 있다.
L3-0451,联合,liánhé,동사,3,연합하다 · 손잡다,사회,两家公司联合了。,Liǎng jiā gōngsī liánhé le.,두 회사가 손을 잡았다.
L3-0714,铁,tiě,명사,3,쇠 · 철,사물,这个门是铁做的。,Zhège mén shì tiě zuò de.,이 문은 쇠로 만든 것이다.
L3-0463,录,lù,동사,3,녹음하다 · 기록하다,동작,请把这个录下来。,Qǐng bǎ zhège lù xiàlái.,이것을 녹음해 주세요.
L3-0700,提前,tíqián,동사,3,앞당기다,시간,会议提前了一个小时。,Huìyì tíqián le yí ge xiǎoshí.,회의가 한 시간 앞당겨졌다.
L3-0969,组合,zǔhé,동사,3,조합하다 · 짜맞추다,사물,我们可以自由组合。,Wǒmen kěyǐ zìyóu zǔhé.,우리는 자유롭게 조합할 수 있다.
L3-0313,积极,jījí,형용사,3,적극적이다,태도,他学习很积极。,Tā xuéxí hěn jījí.,그는 공부를 아주 적극적으로 한다.
L3-0558,强烈,qiángliè,형용사,3,강렬하다 · 세다,평가,阳光很强烈。,Yángguāng hěn qiángliè.,햇빛이 아주 강하다.
L3-0888,争取,zhēngqǔ,동사,3,힘써 얻다 · 쟁취하다,태도,我们要争取时间。,Wǒmen yào zhēngqǔ shíjiān.,우리는 시간을 벌어야 한다.
L3-0697,汤,tāng,명사,3,국 · 탕,음식,这个汤很好喝。,Zhège tāng hěn hǎohē.,이 국은 아주 맛있다.
L3-0422,恐怕,kǒngpà,부사,3,아마 ~일 것이다,어법,恐怕他不会来了。,Kǒngpà tā bú huì lái le.,아마 그는 안 올 것 같다.
L3-0958,自从,zìcóng,개사,3,~이래로 · ~한 뒤로,어법,自从来到这里 我很开心。,Zìcóng lái dào zhèlǐ wǒ hěn kāixīn.,여기 온 뒤로 나는 아주 즐겁다.
L3-0494,命运,mìngyùn,명사,3,운명,생각,我相信自己的命运。,Wǒ xiāngxìn zìjǐ de mìngyùn.,나는 내 운명을 믿는다.
L3-0519,女子,nǚzǐ,명사,3,여자,관계,这是女子比赛。,Zhè shì nǚzǐ bǐsài.,이것은 여자 경기다.
L3-0436,类似,lèisì,동사·형용사,3,비슷하다,평가,这两件事很类似。,Zhè liǎng jiàn shì hěn lèisì.,이 두 일은 아주 비슷하다.
L3-0372,尽量,jǐnliàng,부사,3,되도록 · 가능한 한,어법,请尽量早点来。,Qǐng jǐnliàng zǎo diǎn lái.,되도록 일찍 와 주세요.
L3-0317,及时,jíshí,형용사,3,제때의 · 때맞다,시간,你来得很及时。,Nǐ lái de hěn jíshí.,너 아주 때맞춰 왔다.
L3-0946,专门,zhuānmén,부사,3,일부러 · 전문적으로,어법,我专门来看你。,Wǒ zhuānmén lái kàn nǐ.,나는 일부러 너를 보러 왔다.
L3-0955,资格,zīgé,명사,3,자격,사회,他有参加的资格。,Tā yǒu cānjiā de zīgé.,그는 참가할 자격이 있다.
L3-0242,工具,gōngjù,명사,3,도구,사물,这是一件有用的工具。,Zhè shì yí jiàn yǒuyòng de gōngjù.,이것은 쓸모 있는 도구다.
L3-0425,快速,kuàisù,형용사,3,빠르다 · 고속의,평가,这是一条快速通道。,Zhè shì yì tiáo kuàisù tōngdào.,이것은 빠른 통로다.
L3-0449,连续,liánxù,동사,3,연속하다 · 잇따르다,시간,他连续工作了十天。,Tā liánxù gōngzuò le shí tiān.,그는 열흘 연속 일했다.
L3-0402,决赛,juésài,명사,3,결승전,활동,明天是决赛。,Míngtiān shì juésài.,내일이 결승전이다.
L3-0804,形成,xíngchéng,동사,3,형성되다 · 만들어지다,사회,这个习惯是慢慢形成的。,Zhège xíguàn shì mànmàn xíngchéng de.,이 습관은 천천히 만들어진 것이다.
L3-0531,配合,pèihé,동사,3,협력하다 · 호흡을 맞추다,관계,谢谢你的配合。,Xièxie nǐ de pèihé.,협조해 주셔서 고맙습니다.
L3-0777,显得,xiǎnde,동사,3,~해 보이다,평가,他今天显得很累。,Tā jīntiān xiǎnde hěn lèi.,그는 오늘 아주 피곤해 보인다.
L3-0564,亲自,qīnzì,부사,3,직접 · 몸소,어법,他亲自来了。,Tā qīnzì lái le.,그가 직접 왔다.
L3-0246,公共,gōnggòng,형용사,3,공공의,사회,这是公共场所。,Zhè shì gōnggòng chǎngsuǒ.,이곳은 공공장소다.
L3-0195,费用,fèiyong,명사,3,비용,일,这次旅行的费用不高。,Zhè cì lǚxíng de fèiyong bù gāo.,이번 여행 비용은 비싸지 않다.
L3-0959,自动,zìdòng,형용사·부사,3,자동의 · 저절로,사물,这个门是自动的。,Zhège mén shì zìdòng de.,이 문은 자동문이다.
L3-0492,明确,míngquè,형용사·동사,3,명확하다 · 분명히 하다,평가,他的态度很明确。,Tā de tàidù hěn míngquè.,그의 태도는 아주 명확하다.
L3-0363,结合,jiéhé,동사,3,결합하다 · 합치다,생각,理论要和实际结合。,Lǐlùn yào hé shíjì jiéhé.,이론은 실제와 결합해야 한다.
L3-0140,当中,dāngzhōng,명사,3,그중 · 한가운데,장소,我们当中他最高。,Wǒmen dāngzhōng tā zuì gāo.,우리 중에 그가 가장 크다.
L3-0501,男子,nánzǐ,명사,3,남자,관계,这是男子比赛。,Zhè shì nánzǐ bǐsài.,이것은 남자 경기다.
L3-0630,生存,shēngcún,동사,3,살아남다 · 생존하다,자연,这里的动物很难生存。,Zhèlǐ de dòngwù hěn nán shēngcún.,이곳의 동물은 살아남기 어렵다.
L3-0528,胖,pàng,형용사,3,뚱뚱하다 · 살찌다,몸,我最近有点儿胖了。,Wǒ zuìjìn yǒudiǎnr pàng le.,나는 요즘 좀 살이 쪘다.
L3-0730,土,tǔ,명사,3,흙 · 땅,자연,这里的土很好。,Zhèlǐ de tǔ hěn hǎo.,이곳의 흙은 아주 좋다.
L3-0514,念,niàn,동사,3,소리 내어 읽다 · 그리워하다,동작,请念一下这段话。,Qǐng niàn yíxià zhè duàn huà.,이 문단을 소리 내어 읽어 주세요.
L3-0376,进步,jìnbù,동사·형용사,3,늘다 · 발전하다,평가,你的汉语进步了。,Nǐ de Hànyǔ jìnbù le.,네 중국어가 늘었다.
L3-0166,对待,duìdài,동사,3,대하다 · 다루다,태도,我们要认真对待这件事。,Wǒmen yào rènzhēn duìdài zhè jiàn shì.,우리는 이 일을 진지하게 대해야 한다.
L3-0120,村,cūn,명사,3,마을,장소,我出生在一个小村。,Wǒ chūshēng zài yí ge xiǎo cūn.,나는 작은 마을에서 태어났다.
L3-0784,现象,xiànxiàng,명사,3,현상,사회,这是一个常见的现象。,Zhè shì yí ge chángjiàn de xiànxiàng.,이것은 흔한 현상이다.
L3-0645,实力,shílì,명사,3,실력,평가,他的实力很强。,Tā de shílì hěn qiáng.,그의 실력은 아주 뛰어나다.
L3-0577,缺,quē,동사,3,모자라다 · 빠지다,평가,我们缺一个人。,Wǒmen quē yí ge rén.,우리는 한 사람이 모자란다.
L3-0937,主动,zhǔdòng,형용사,3,자발적이다 · 먼저 나서다,태도,他主动帮了我。,Tā zhǔdòng bāng le wǒ.,그가 먼저 나서서 나를 도왔다.
L3-0707,甜,tián,형용사,3,달다,음식,这个水果很甜。,Zhège shuǐguǒ hěn tián.,이 과일은 아주 달다.
L3-0203,服装,fúzhuāng,명사,3,옷 · 복장,사물,这家店卖服装。,Zhè jiā diàn mài fúzhuāng.,이 가게는 옷을 판다.
L3-0805,形式,xíngshì,명사,3,형식 · 겉모양,생각,内容比形式更重要。,Nèiróng bǐ xíngshì gèng zhòngyào.,내용이 형식보다 더 중요하다.
L3-0527,判断,pànduàn,동사·명사,3,판단하다 · 판단,생각,你的判断是对的。,Nǐ de pànduàn shì duì de.,네 판단이 맞다.
L3-0554,前往,qiánwǎng,동사,3,~로 가다 · 향하다,동작,他前往北京开会。,Tā qiánwǎng Běijīng kāihuì.,그는 회의하러 베이징으로 간다.
L3-0789,相互,xiānghù,부사,3,서로,관계,我们要相互理解。,Wǒmen yào xiānghù lǐjiě.,우리는 서로 이해해야 한다.
L3-0781,现代,xiàndài,명사,3,현대,시간,这是现代艺术。,Zhè shì xiàndài yìshù.,이것은 현대 예술이다.
L3-0244,工资,gōngzī,명사,3,월급 · 임금,일,这个月的工资还没发。,Zhège yuè de gōngzī hái méi fā.,이번 달 월급이 아직 안 나왔다.
L3-0625,深刻,shēnkè,형용사,3,깊다 · 인상 깊다,감정,这件事给我很深刻的印象。,Zhè jiàn shì gěi wǒ hěn shēnkè de yìnxiàng.,이 일은 나에게 아주 깊은 인상을 주었다.
L3-0568,庆祝,qìngzhù,동사,3,축하하다,활동,我们一起庆祝吧。,Wǒmen yìqǐ qìngzhù ba.,우리 같이 축하하자.
L3-0611,伤心,shāngxīn,동사,3,마음 아파하다,감정,别为这件事伤心。,Bié wèi zhè jiàn shì shāngxīn.,이 일로 마음 아파하지 마.
L3-0825,眼前,yǎnqián,명사,3,눈앞 · 지금,시간,眼前的问题最重要。,Yǎnqián de wèntí zuì zhòngyào.,눈앞의 문제가 가장 중요하다.
L3-0968,足球,zúqiú,명사,3,축구,활동,他很喜欢踢足球。,Tā hěn xǐhuan tī zúqiú.,그는 축구를 아주 좋아한다.
L3-0575,全面,quánmiàn,형용사,3,전면적이다 · 두루 갖추다,평가,我们做了全面的检查。,Wǒmen zuò le quánmiàn de jiǎnchá.,우리는 전면적인 검사를 했다.
L3-0705,体验,tǐyàn,동사,3,체험하다,활동,我想体验一下中国生活。,Wǒ xiǎng tǐyàn yíxià Zhōngguó shēnghuó.,나는 중국 생활을 체험해 보고 싶다.
L3-0303,话题,huàtí,명사,3,화제 · 이야깃거리,관계,我们换个话题吧。,Wǒmen huàn ge huàtí ba.,우리 화제를 바꾸자.
L3-0340,坚强,jiānqiáng,형용사,3,굳세다,태도,她是个坚强的人。,Tā shì ge jiānqiáng de rén.,그는 굳센 사람이다.
L3-0256,古,gǔ,형용사,3,옛 · 오래되다,시간,这是一座古城。,Zhè shì yí zuò gǔ chéng.,이곳은 옛 성이다.
L3-0539,苹果,píngguǒ,명사,3,사과,음식,我每天吃一个苹果。,Wǒ měi tiān chī yí ge píngguǒ.,나는 매일 사과 하나를 먹는다.
L3-0843,银,yín,명사,3,은,사물,这是银做的。,Zhè shì yín zuò de.,이것은 은으로 만든 것이다.
L3-0571,区别,qūbié,명사·동사,3,차이 · 구별하다,생각,这两个词有什么区别？,Zhè liǎng ge cí yǒu shénme qūbié?,이 두 단어는 무슨 차이가 있나요?
L3-0287,合法,héfǎ,형용사,3,합법적이다,사회,这样做是合法的。,Zhèyàng zuò shì héfǎ de.,이렇게 하는 것은 합법이다.
L3-0831,羊,yáng,명사,3,양,자연,山上有很多羊。,Shān shàng yǒu hěn duō yáng.,산에 양이 아주 많다.
L3-0349,将来,jiānglái,명사,3,장래 · 미래,시간,将来我想当老师。,Jiānglái wǒ xiǎng dāng lǎoshī.,나중에 나는 선생님이 되고 싶다.
L3-0877,造,zào,동사,3,만들다 · 짓다,동작,他们在造一座桥。,Tāmen zài zào yí zuò qiáo.,그들은 다리를 하나 짓고 있다.
L3-0231,个性,gèxìng,명사,3,개성,평가,他很有个性。,Tā hěn yǒu gèxìng.,그는 개성이 아주 강하다.
L3-0533,批准,pīzhǔn,동사,3,승인하다,일,计划批准了。,Jìhuà pīzhǔn le.,계획이 승인되었다.
L3-0552,前进,qiánjìn,동사,3,나아가다 · 전진하다,동작,我们要继续前进。,Wǒmen yào jìxù qiánjìn.,우리는 계속 나아가야 한다.
L3-0536,啤酒,píjiǔ,명사,3,맥주,음식,我要一杯啤酒。,Wǒ yào yì bēi píjiǔ.,맥주 한 잔 주세요.
L3-0312,机器,jīqì,명사,3,기계,사물,这台机器坏了。,Zhè tái jīqì huài le.,이 기계는 고장 났다.
L3-0245,公布,gōngbù,동사,3,발표하다 · 공표하다,사회,结果已经公布了。,Jiéguǒ yǐjīng gōngbù le.,결과가 이미 발표되었다.
L3-0239,工厂,gōngchǎng,명사,3,공장,장소,他在工厂工作。,Tā zài gōngchǎng gōngzuò.,그는 공장에서 일한다.
L3-0917,指出,zhǐchū,동사,3,지적하다 · 짚어주다,생각,老师指出了我的错误。,Lǎoshī zhǐchū le wǒ de cuòwù.,선생님이 내 잘못을 지적했다.
L3-0396,举办,jǔbàn,동사,3,열다 · 개최하다,활동,学校举办了运动会。,Xuéxiào jǔbàn le yùndònghuì.,학교가 운동회를 열었다.
L3-0587,人才,réncái,명사,3,인재,일,公司需要人才。,Gōngsī xūyào réncái.,회사는 인재가 필요하다.
L3-0412,看上去,kàn shàngqù,동사,3,~해 보이다,평가,他看上去很年轻。,Tā kàn shàngqù hěn niánqīng.,그는 아주 젊어 보인다.
L3-0305,环,huán,명사,3,고리,사물,这是一个金环。,Zhè shì yí ge jīn huán.,이것은 금 고리다.
L3-0686,双方,shuāngfāng,명사,3,양측 · 쌍방,관계,双方都同意了。,Shuāngfāng dōu tóngyì le.,양측이 모두 동의했다.
L3-0437,离婚,líhūn,동사,3,이혼하다,관계,他们去年离婚了。,Tāmen qùnián líhūn le.,그들은 작년에 이혼했다.
L3-0739,退出,tuìchū,동사,3,물러나다 · 빠져나오다,동작,他退出了比赛。,Tā tuìchū le bǐsài.,그는 시합에서 기권했다.
L3-0904,支付,zhīfù,동사,3,지불하다 · 결제하다,일,我用手机支付。,Wǒ yòng shǒujī zhīfù.,나는 휴대폰으로 결제한다.
L3-0218,赶快,gǎnkuài,부사,3,얼른 · 빨리,시간,赶快走吧。,Gǎnkuài zǒu ba.,얼른 가자.
L3-0891,整理,zhěnglǐ,동사,3,정리하다,동작,我整理了房间。,Wǒ zhěnglǐ le fángjiān.,나는 방을 정리했다.
L3-0199,丰富,fēngfù,형용사,3,풍부하다,평가,他的经验很丰富。,Tā de jīngyàn hěn fēngfù.,그의 경험은 아주 풍부하다.
L3-0158,动力,dònglì,명사,3,동력 · 원동력,감정,这是我学习的动力。,Zhè shì wǒ xuéxí de dònglì.,이것은 내가 공부하는 힘이다.
L3-0758,温暖,wēnnuǎn,형용사·동사,3,따뜻하다,자연,这里的冬天很温暖。,Zhèlǐ de dōngtiān hěn wēnnuǎn.,이곳의 겨울은 아주 따뜻하다.
L3-0545,齐,qí,형용사·동사,3,가지런하다 · 다 모이다,평가,人都到齐了。,Rén dōu dào qí le.,사람이 다 모였다.
